age_cat,COUNT,PERCENT,age_cat_order
101 and over,27,0.0075122909,7
Ages 65-100,96806,26.934623592,6
Ages 27-64,184966,51.463644685,5
Ages 18-26,28165,7.8364323852,4
Ages 5-17,23202,6.4555620167,3
Under 5,21728,6.0454465779,2
Unknown,4517,1.2567784514,1
